Species,Petal.Area_mean,Petal.Area_sd,Petal.Area_se
setosa,0.36560000000000004,0.18115457375356753,0.025879224821938218
versicolor,5.7204,1.368402852725373,0.19548612181791045
virginica,11.2962,2.1574123672698686,0.3082017667528384
